empId,staffName,age,gender,address,phone,role
20-7280045,Greer Breton,42,Female,538 Clyde Gallagher Alley,541-779-0838,Receptionist
87-5479786,Gae Iglesia,33,Male,84628 Hanover Avenue,686-237-6324,Boarding Incharge
89-8601268,Danni Alcott,22,Male,7 Acker Alley,174-495-6057,Boarding Incharge
73-4205932,Kaitlin Matzaitis,45,Male,7819 Montana Crossing,193-344-1310,Support staff
50-1736087,Base Balassa,47,Male,5207 Riverside Street,662-669-9376,Boarding Incharge
10-5982341,Robinett Warmisham,26,Male,5 Larry Parkway,648-551-7113,General Manager
02-9738133,Berne Brislane,41,Male,3 Emmet Plaza,658-745-0006,Boarding Incharge
93-3492020,Cathryn Telega,33,Male,8 Shopko Circle,162-851-5498,Boarding Incharge
74-9480308,Jim Taplow,41,Male,5 Briar Crest Court,223-842-1130,Support staff
83-7992046,Dolph Duffell,36,Male,8488 Beilfuss Court,475-907-8822,Boarding Incharge
91-3421865,Logan Bottleson,47,Female,0 Mesta Terrace,763-719-2697,check-in Baggage
01-6510296,Averill Stivens,49,Male,1 Coolidge Center,682-175-7429,Boarding Incharge
99-3940176,Verge Auger,50,Male,3893 Evergreen Way,137-797-7930,Receptionist
22-1685913,Torey Bang,34,Female,75071 Packers Way,456-460-2343,Support staff
19-2094849,Jeniece MacCook,44,Female,042 Chive Lane,479-127-8278,Receptionist
77-3450460,Hunter Shone,38,Male,386 Union Way,311-414-6774,Support staff
55-6545911,Waly Sleightholm,23,Female,424 Grayhawk Road,229-311-5819,Support staff
03-0868970,Duff Davis,36,Female,55 Shopko Parkway,103-207-8972,Boarding Incharge
47-6632527,Cody Anstis,41,Female,31897 Anhalt Court,515-809-7116,Boarding Incharge
60-2282049,Lizzy Voas,44,Male,8446 Redwing Street,340-219-8912,Boarding Incharge
21-5802367,Lou Arnull,45,Male,724 Judy Terrace,240-765-0710,Support staff
40-1124391,Randie Fradson,49,Female,3868 Burrows Way,245-535-2006,Receptionist
05-2211372,Hamish Digby,35,Female,65041 Iowa Trail,999-280-5670,Boarding Incharge
07-5660250,Dennet Hove,36,Male,83 American Junction,358-666-9974,General Manager
33-6797357,Rouvin Haukey,36,Female,47926 Banding Lane,973-676-1594,Boarding Incharge
82-2413423,Raychel McIlvoray,49,Female,1255 Hayes Lane,130-233-7169,General Manager
77-6644303,Birgit Petras,31,Female,5 Blackbird Pass,803-597-7876,Receptionist
41-1433330,Ernesto Lukash,40,Male,142 Vahlen Point,690-947-1609,check-in Baggage
18-8932960,Claudetta Bushe,33,Female,9669 Fair Oaks Avenue,945-327-3369,Boarding Incharge
65-5547103,Ettie Carnier,50,Male,1953 Pearson Pass,476-691-0169,check-in Baggage
67-8802810,Noam Hovenden,47,Female,988 Huxley Parkway,405-140-2208,Support staff
61-9332518,Caren MacLleese,49,Male,51125 Pankratz Drive,966-201-0734,General Manager
18-4844260,Feodora Tenney,42,Male,43390 Morningstar Crossing,927-455-8980,Support staff
98-0015840,Hanny Wincom,24,Male,12502 Emmet Terrace,343-857-3705,Boarding Incharge
50-7106531,Katherine Donati,26,Female,87268 Melvin Trail,411-772-5764,check-in Baggage
21-2433577,Mariann Giacobo,30,Female,9751 Charing Cross Court,195-118-2890,check-in Baggage
36-7910773,Barnabe Selwyn,24,Male,24474 Ohio Pass,248-239-2445,Boarding Incharge
88-1857139,Chrissy Coggell,24,Male,51 Hauk Point,692-856-3973,Boarding Incharge
73-1078229,Guthrey Sangar,46,Male,9644 Gateway Parkway,494-118-4541,Boarding Incharge
18-3646722,Dacia Gullam,47,Male,8881 Hollow Ridge Street,306-620-9169,check-in Baggage
36-6689994,Honoria Torres,20,Male,75698 Farragut Pass,264-439-6033,check-in Baggage
17-7917446,Banky Kalkofen,38,Female,0 Crest Line Court,787-489-3757,Support staff
63-4357591,Bree Tweddle,28,Male,0166 Sutteridge Center,303-503-5991,General Manager
32-3709452,Neile Katt,44,Male,3884 Schlimgen Crossing,812-417-6445,Support staff
59-0849556,Alwin Chillingsworth,20,Female,77 Valley Edge Way,538-353-1021,Support staff
61-4657914,Philipa Brockie,37,Male,75263 Nelson Crossing,168-468-1738,Support staff
07-5087504,Tamma Spileman,36,Male,5027 Melrose Crossing,844-388-0006,Boarding Incharge
46-9125860,Winna Rayman,21,Male,35 Green Ridge Center,402-516-4367,Support staff
73-2943556,Stirling Fautly,23,Female,0 Hollow Ridge Terrace,254-930-5620,General Manager
02-7866904,Shaine Joron,30,Female,5864 Mcguire Junction,573-709-5577,Receptionist
09-8233828,Marjorie Thurley,39,Male,72647 Orin Terrace,748-425-5478,Boarding Incharge
64-1322014,Jeannette Lipmann,24,Female,8 Merry Court,914-277-1926,check-in Baggage
10-5292581,Doyle Wallbank,46,Female,7366 Tennessee Pass,523-588-6601,General Manager
21-4066248,Evvy Chittie,25,Male,272 Loeprich Point,538-749-5367,Receptionist
33-1683229,Dix Cramer,50,Female,457 Northport Crossing,589-174-4859,General Manager
79-8744830,Ira Challener,37,Female,87 Pearson Trail,339-735-4900,General Manager
52-4013296,Vere Davenall,20,Female,33496 Forest Dale Trail,175-706-9304,General Manager
16-1305638,Xenos Whymark,24,Female,4457 Calypso Drive,321-608-8001,check-in Baggage
40-0925385,Simonette Blackston,39,Female,3753 Grayhawk Alley,844-833-8705,check-in Baggage
84-0727996,Alleyn Eixenberger,46,Male,8 Crest Line Park,645-573-1400,General Manager
42-8219082,Daveen Holehouse,29,Male,718 Helena Road,792-140-9001,Support staff
59-7509075,Kareem Kneebone,31,Male,823 North Street,319-988-2292,check-in Baggage
57-5256251,Nikolos Climie,33,Male,2 Badeau Park,271-851-4415,General Manager
89-4776595,Darby Northam,29,Female,23 Dwight Street,974-763-9368,check-in Baggage
67-8425040,Hyacinthia Ruler,47,Female,587 Waubesa Drive,476-302-7518,Boarding Incharge
68-3514997,Rosalynd Summerson,24,Male,948 Transport Court,625-691-8337,Receptionist
33-3144285,Leonid Salerno,25,Male,18 Pearson Drive,847-492-7012,Support staff
86-6472111,Rochester Cella,36,Female,23559 Northwestern Place,976-320-9212,General Manager
49-2110916,Calla Ritchie,31,Male,75660 Mosinee Drive,456-658-3938,Support staff
17-0173417,Carolan Sharply,35,Male,77462 Rigney Point,727-276-8674,Receptionist
54-5790904,Brent Godar,21,Male,1 Golf View Center,634-997-5221,General Manager
04-8651210,Fritz Broxap,49,Male,6 Glendale Center,228-758-6232,Receptionist
17-6214103,Pierre Jakeman,20,Female,84541 Miller Plaza,234-134-1124,Boarding Incharge
18-5994293,Margarethe Deaton,42,Female,99323 Grasskamp Place,948-488-7812,Receptionist
17-6767798,Rosabel Cawston,24,Male,842 Morrow Avenue,151-988-3267,Receptionist
01-0661482,Yardley Tirone,37,Female,19 Anderson Terrace,585-920-2788,Receptionist
13-9269878,Frederigo Horwell,21,Female,02743 Arkansas Road,205-746-2266,Receptionist
08-0610878,Chickie Sawood,20,Female,5329 Summerview Park,625-589-5140,check-in Baggage
52-5271272,Dollie Kingdon,38,Female,3830 Bartillon Plaza,689-142-8518,Boarding Incharge
50-3358881,Marthe Petrecz,39,Male,89 Schmedeman Parkway,494-636-6778,General Manager
05-7013186,Marie-jeanne MacMaykin,24,Female,4 American Ash Street,963-250-1587,Boarding Incharge
81-4561962,Dredi Beavington,27,Female,460 Stuart Alley,662-614-1935,Receptionist
43-2984063,Terri Croneen,39,Male,56 Vidon Terrace,467-170-0086,Receptionist
36-9016173,Alphonso Mesnard,27,Female,31 Knutson Trail,636-896-3584,Boarding Incharge
98-8540817,Jody Billingsly,38,Male,281 Main Place,874-622-1144,Boarding Incharge
41-3275425,Trenton Scapelhorn,40,Male,865 Farmco Terrace,144-357-1853,check-in Baggage
58-4188503,Alyss Haydock,40,Male,14 Starling Road,719-241-1965,Support staff
14-6588122,Erskine Larroway,40,Male,746 Fairview Plaza,275-516-2400,check-in Baggage
90-1636979,Dougie Aberchirder,23,Male,8673 Westerfield Way,784-523-6792,Receptionist
27-1495986,Keven Linn,45,Female,94 Loeprich Center,363-724-5894,General Manager
80-4180157,Adi Husk,50,Female,2 Morning Junction,806-514-0039,Receptionist
21-3411306,Arron Hallock,30,Male,471 Sunfield Place,947-326-3183,check-in Baggage
23-3264508,Brian Barnard,31,Male,1 Meadow Ridge Street,606-204-1191,Support staff
27-2355335,Titos Cucinotta,39,Male,0 Oxford Crossing,577-721-7416,General Manager
73-3015392,Renaldo Deery,50,Male,26612 Hudson Plaza,407-366-4167,Receptionist
81-8216872,Ashby Janaud,49,Female,58431 Park Meadow Place,921-537-2160,Support staff
87-3521720,Kyle Sterry,48,Female,10 Barnett Parkway,951-433-0951,Receptionist
77-9527092,Phedra Jeannot,32,Male,1 Oxford Circle,133-603-0610,Boarding Incharge
85-6712335,Abe Peyes,41,Female,8 Monica Plaza,749-874-9002,Receptionist
22-3751287,Filippa Higgan,45,Female,6035 Green Road,170-794-0017,check-in Baggage
35-4215481,Ashli Aylward,41,Female,75360 Columbus Alley,702-309-7929,check-in Baggage
29-0393514,Wilow Alliott,40,Male,069 Katie Park,734-304-2505,General Manager
42-5058685,Sascha Durak,33,Female,992 Sloan Parkway,868-453-6681,General Manager
16-4134919,Jeddy Carress,34,Male,0743 Aberg Place,400-933-0414,General Manager
09-2659743,Adria Onions,37,Male,77967 East Terrace,919-779-5035,Support staff
52-7435221,Gordon Michin,41,Female,81598 Vahlen Street,143-735-6173,Receptionist
99-3313168,Engracia McLanachan,25,Male,364 Saint Paul Lane,968-900-3102,check-in Baggage
75-0024738,Willi Hargreave,48,Male,49 Luster Avenue,410-290-2309,check-in Baggage
08-8246796,Rosalinde Oakey,37,Male,95 8th Lane,709-846-4072,General Manager
09-9625345,Irvine Rieger,31,Female,11712 Hansons Place,117-410-8081,Boarding Incharge
83-1840659,Englebert Ventris,31,Male,359 Messerschmidt Circle,190-869-1325,check-in Baggage
21-0548055,Car Alywin,39,Male,53 Haas Street,359-314-2613,General Manager
37-2869479,Gustave Gordon,25,Male,53332 Mcbride Trail,205-656-4074,Receptionist
03-6575306,Romy Naisbit,29,Female,939 Muir Crossing,188-944-9669,Support staff
00-6698575,Lilla Tuxell,46,Male,36 Pepper Wood Drive,605-997-1938,Support staff
47-9569100,Curtis Mignot,27,Male,300 Dahle Hill,316-775-8299,check-in Baggage
34-4776814,Bartlet O' Sullivan,22,Male,7 Arrowood Circle,957-743-0657,Boarding Incharge
79-6457378,Fidela Waberer,26,Female,64822 Elmside Center,769-853-8369,check-in Baggage
05-9191972,Griffith Antrobus,49,Female,700 Porter Pass,868-327-6101,Support staff
18-0052329,Mehetabel Ebrall,50,Female,7926 3rd Junction,164-203-2475,check-in Baggage
78-8136917,Bo Spiniello,44,Male,86 Kinsman Crossing,105-167-4896,Receptionist
92-8551093,Lynett MacKaig,30,Male,29867 Goodland Terrace,988-929-3881,General Manager
12-8141028,Dela Ilson,49,Female,62 Oak Trail,239-312-2668,General Manager
11-3049802,Ashbey Winterson,33,Female,6142 Daystar Crossing,392-518-4435,Support staff
18-7423537,Gaby Webley,25,Female,8342 Monica Park,963-256-6207,Support staff
45-7727847,Knox Crosier,20,Male,73099 Green Ridge Drive,313-303-4449,check-in Baggage
14-0802848,Geoffrey Brearty,42,Male,352 Basil Street,218-782-1475,check-in Baggage
43-5897346,Elke Guido,28,Male,625 Ilene Court,316-653-3348,check-in Baggage
45-2420355,Pris Gerish,29,Female,45 Gerald Junction,111-409-2803,General Manager
46-6263099,Karyl Goracci,43,Male,0866 Briar Crest Point,143-238-3458,Receptionist
53-6896065,Granny Abisetti,33,Female,29227 Blackbird Alley,508-185-6455,check-in Baggage
92-9614475,Harrietta Whetton,36,Female,14435 Holy Cross Hill,723-723-8068,Receptionist
00-6333795,Loutitia Klimuk,32,Female,37 Anniversary Center,576-152-1923,check-in Baggage
28-8926856,Elroy Joire,47,Female,313 Nova Trail,162-427-3160,General Manager
11-2131365,Vernon Reedshaw,43,Female,59 Stephen Lane,191-134-5246,General Manager
38-2073387,Annalise Frenzel;,35,Female,07 Cardinal Street,647-343-1922,Receptionist
73-3010214,Jedd McFade,46,Female,72114 Daystar Crossing,160-850-9096,Boarding Incharge
08-3056007,Haley Augustine,45,Female,0676 Stang Court,348-197-5037,Boarding Incharge
44-6392504,Veronika Astlet,37,Male,8977 Westport Pass,854-321-2067,Receptionist
73-0739624,Sibel O'Roan,50,Male,1843 Myrtle Drive,963-524-9578,Receptionist
07-3236652,Karlik Glanfield,30,Male,9 Merry Park,639-335-6428,General Manager
78-8980611,Jacobo Perillio,24,Female,2652 Roth Trail,811-913-8020,Receptionist
10-8658174,Maxy Pottes,37,Female,8147 Prairieview Circle,517-561-9823,General Manager
11-0301811,Aloise Skeath,22,Female,34039 Eagle Crest Avenue,436-420-2375,Boarding Incharge
60-5261924,Othilia Evennett,22,Female,41 Forster Lane,690-709-4765,Support staff
02-4095220,Deck Frisby,45,Female,577 Lighthouse Bay Trail,655-378-1347,Receptionist
37-4823780,Timmie Krzysztof,46,Male,695 Center Point,146-183-2555,check-in Baggage
36-1329042,Tansy Bidewell,23,Female,1757 Nova Junction,609-435-6511,Receptionist
31-2699159,Earlie Axten,30,Male,9 Homewood Point,806-531-2221,General Manager
63-6786861,Felicio Guiu,28,Male,98 Manitowish Plaza,223-584-7290,Boarding Incharge
81-6466561,Korrie Hardie,25,Female,73 Haas Plaza,299-982-5890,check-in Baggage
34-9000550,Bonnie Gundry,34,Female,780 Bobwhite Drive,990-809-9470,check-in Baggage
72-1477268,Harri Farrear,48,Female,49 Trailsway Hill,145-491-1808,Boarding Incharge
15-8831008,Ynez Clapston,23,Male,18057 Dayton Trail,482-176-2492,check-in Baggage
69-4375431,Caty Harner,43,Female,3 Banding Street,351-497-6087,Boarding Incharge
44-4594121,Barby Trengrouse,20,Male,63 Coolidge Way,189-369-5052,check-in Baggage
09-8459701,Marven Sarge,31,Male,0 Mitchell Plaza,661-536-3176,Support staff
94-0271031,Bertie Shilliday,44,Male,3520 Melrose Junction,428-842-0761,Boarding Incharge
38-4620645,Farley Shelton,49,Male,594 Bowman Hill,142-251-9246,Receptionist
71-4006570,Paula Vidloc,29,Male,6 Loeprich Court,725-484-2731,Support staff
68-6883896,Catie Fairburn,28,Female,9 Union Plaza,510-126-3365,check-in Baggage
66-8955948,Jakie Plinck,26,Female,1940 Drewry Park,173-443-3840,General Manager
20-0160699,Buddy Dyne,36,Female,57 Eggendart Street,398-684-3362,General Manager
16-3143572,Em Kensy,21,Male,09 American Hill,134-604-3926,Support staff
54-3224541,Abran Wigsell,24,Male,9 Fairfield Alley,166-279-5650,General Manager
68-4492770,Ania Antoniottii,27,Male,39 Lillian Avenue,670-940-7846,Support staff
18-2446424,Garv Croysdale,35,Male,24 Melby Alley,592-155-9832,check-in Baggage
90-8566152,Verla Dami,20,Male,63 Kenwood Circle,871-647-1320,Boarding Incharge
33-7324461,Raymond Paynter,46,Female,2543 High Crossing Alley,964-352-7005,check-in Baggage
27-6737886,Rosco Partkya,46,Male,4 Garrison Court,949-509-2277,Receptionist
95-4844925,Wolf Ciccottio,32,Male,1 Jenifer Street,821-827-2613,Receptionist
81-9841962,Lyn Duffer,48,Male,86418 Talisman Drive,774-277-0932,Receptionist
87-6383261,Garv McElwee,31,Male,01 Hazelcrest Lane,366-407-2689,check-in Baggage
29-8281059,Bernete Butterly,38,Male,3 Summer Ridge Lane,953-684-5370,Support staff
71-3856602,Purcell Gookes,48,Male,89725 Vidon Court,180-200-5991,check-in Baggage
68-0366676,Gibb Treece,36,Male,350 Meadow Valley Drive,922-819-4086,Support staff
43-5091494,Nickolaus Pettyfar,21,Female,4 Mayfield Avenue,284-511-5729,Boarding Incharge
72-7087095,Cass Meace,30,Male,486 Leroy Hill,481-299-0376,Receptionist
73-1076666,Leeanne Lawry,47,Male,09566 Springview Terrace,596-450-6861,Boarding Incharge
29-7482803,Giffie Gambles,26,Male,3 Green Court,554-234-4422,Support staff
31-1815960,Evin Zambonini,46,Male,4290 Derek Center,450-237-7614,check-in Baggage
10-7375931,Deb Dormand,33,Female,346 Pepper Wood Pass,609-440-5761,check-in Baggage
15-8850171,Harlie Harbin,29,Male,0 Talmadge Hill,466-995-2112,Receptionist
53-7160409,Jamaal Swatland,28,Female,43674 Lighthouse Bay Lane,959-112-7711,check-in Baggage
31-6699377,Cymbre Joisce,34,Female,9753 Lawn Avenue,818-742-1492,Support staff
16-9078117,Michelle Galer,31,Male,691 Jenna Park,452-712-5346,Receptionist
10-6159023,Mannie Swidenbank,36,Female,815 Golden Leaf Pass,722-200-9297,Receptionist
28-4055478,Cassey Ionnidis,23,Male,33113 Macpherson Park,679-351-2127,General Manager
84-8775747,Kelsey Sollime,46,Female,75124 Crescent Oaks Point,864-964-6422,General Manager
47-4567656,Molly Vondracek,37,Female,577 Crownhardt Drive,780-597-8031,Support staff
64-1127626,Trev Capes,24,Female,1 Fieldstone Hill,237-460-3941,check-in Baggage
29-0139296,Danya Brownlie,40,Female,6401 Hooker Drive,613-861-7618,General Manager
56-9449070,Edi Bairstow,21,Female,94167 Stone Corner Hill,458-216-4593,Boarding Incharge
73-6952625,Saunderson Treadaway,20,Female,87 Columbus Street,525-272-4404,Boarding Incharge
76-2241903,Rhianon Kasman,45,Female,50 Hayes Place,788-678-9242,General Manager
41-2308554,Gordan Clarricoates,39,Male,3 Artisan Circle,834-400-7670,General Manager
57-3490313,Bell Monnery,49,Male,2 Barby Circle,157-695-2216,Support staff
91-8022057,Yul Bolgar,23,Female,0291 Washington Parkway,703-165-2618,Support staff
63-8633245,Deonne Monard,21,Male,817 Carioca Avenue,413-517-8979,Boarding Incharge
71-9448033,Pauline Ardley,48,Female,2130 Dwight Street,428-321-4393,Support staff
27-6356939,Valaria Cosby,30,Female,86545 4th Terrace,545-135-4562,Support staff
73-2542924,Kiri Sadd,36,Male,15 Columbus Plaza,814-243-3292,General Manager
33-1503255,Clare Wattinham,40,Female,4 High Crossing Road,531-106-5621,Support staff
71-6170481,Bartholomeo Pharro,42,Female,0875 Westerfield Pass,109-711-0753,Support staff
25-0540870,Nanette Storek,28,Male,4 Ridgeview Pass,394-304-8604,Boarding Incharge
78-7781627,Ulises Tanslie,20,Female,8224 Esch Hill,959-613-6900,Receptionist
20-4548396,Lorettalorna Artin,36,Female,60 Waywood Circle,738-437-7092,Support staff
73-8386517,Euphemia Perott,29,Female,599 Rieder Street,745-753-7252,Boarding Incharge
38-5636650,Karrah MacScherie,31,Female,66 Forest Place,173-794-5829,General Manager
42-3444621,Waldon Alebrooke,40,Female,9 Lien Road,686-723-0815,Receptionist
32-0716092,Kari Ebbett,39,Male,8710 Bonner Drive,644-485-9014,Boarding Incharge
99-5953958,Carmela Fittis,35,Female,79429 Reindahl Street,736-926-9227,Receptionist
07-2865759,Susie Ghent,35,Female,4508 Crowley Hill,385-276-0407,Support staff
24-2011618,Demeter Phythean,28,Male,0973 Pierstorff Crossing,607-789-3714,General Manager
47-8707138,Rafaelia Blood,44,Male,527 Little Fleur Crossing,734-420-2965,General Manager
62-1171525,Alyss Guillart,40,Female,12 Alpine Center,696-203-0420,Boarding Incharge
50-3466132,Danya Boss,46,Male,32 Autumn Leaf Terrace,407-795-9348,Receptionist
48-7696139,Welbie Palmby,24,Female,1 East Alley,408-466-4553,Receptionist
23-8183398,Verine Bremeyer,30,Female,7198 Bartelt Plaza,160-975-9867,General Manager
09-6238183,Bernice Scrange,25,Female,66450 Talisman Crossing,213-675-8501,check-in Baggage
20-2893111,Andy Danshin,47,Female,51 Victoria Park,270-197-3113,General Manager
55-0552649,Dimitry O'Carrol,27,Female,26700 Susan Junction,961-523-2734,Receptionist
07-7681392,Tulley Klaffs,48,Male,2698 Crescent Oaks Avenue,875-894-5924,Boarding Incharge
64-6815710,Morty Brooks,43,Female,3 Northridge Alley,298-188-8267,Support staff
14-0072395,Valina Bohills,30,Male,350 Meadow Valley Circle,838-535-8389,General Manager
70-3529386,Hendrika Yarnall,38,Female,137 Westridge Junction,677-668-3834,Boarding Incharge
66-4262388,Marylinda Budge,32,Male,280 Dakota Center,192-297-4991,Receptionist
02-5186124,Windham Corwin,46,Male,3 Sherman Hill,134-257-5378,check-in Baggage
58-8350789,Shalne Giorgi,25,Male,8091 Sugar Plaza,266-938-9635,Receptionist
79-3975610,Merwin Labrum,46,Male,33546 Cambridge Crossing,159-448-3445,General Manager
56-2633883,Falito Crummie,33,Female,14 Linden Drive,466-571-1646,Boarding Incharge
42-8254869,Haley Shyre,26,Female,13808 Lukken Street,622-114-3492,Boarding Incharge
91-3461938,Reba Huikerby,35,Male,9445 Chive Way,577-401-9093,Receptionist
20-5817929,Penelopa Dymond,27,Female,09834 Monterey Parkway,939-992-4833,Receptionist
32-9364567,Aymer Bunkle,33,Male,9 Cody Crossing,852-452-8073,Boarding Incharge
93-1801464,Keelia Chatin,40,Male,14 Grayhawk Junction,508-665-1592,Receptionist
93-7149810,Leann Houndsom,24,Male,430 Ruskin Alley,638-358-9091,Boarding Incharge
16-8048403,Kerk Bollands,20,Male,94323 Melrose Avenue,104-366-1179,Receptionist
99-2695565,Kevin Fancet,50,Male,49 Scoville Point,892-909-8827,Receptionist
24-5213580,Dalt Hrinchishin,50,Female,044 Hintze Crossing,287-732-6999,Boarding Incharge
21-2973337,Risa Stillwell,33,Male,03084 Express Hill,217-771-0689,Receptionist
47-5784663,Garvin Grimston,30,Male,52 Welch Road,416-569-4150,Support staff
96-6674497,Ronna Kloss,23,Female,831 Novick Terrace,651-358-2040,General Manager
14-7559333,Natty Lempke,50,Male,7 Paget Lane,313-739-9607,Receptionist
18-7511968,Catharine Worlidge,43,Male,8847 La Follette Park,308-456-3646,Support staff
45-3439836,Hendrick Hayer,26,Female,51 Hallows Point,337-946-6364,Boarding Incharge
79-7545660,Georgianna Hawkin,49,Male,68 Oak Hill,355-137-8136,General Manager
85-4909196,Avictor Swyn,24,Male,5 Huxley Crossing,617-521-7696,check-in Baggage
86-8768016,Enrique Sharply,40,Male,3798 Farragut Park,386-697-3940,Boarding Incharge
43-9343252,Olivie McGiveen,28,Male,86871 Dorton Way,771-560-9294,Boarding Incharge
90-0325741,Fred Fonquernie,30,Male,03 Myrtle Street,476-416-7762,Support staff
73-7926005,Brittne Janczewski,32,Female,44 Welch Lane,396-890-4334,Boarding Incharge
01-0662155,Erna Jewis,49,Female,39 Di Loreto Way,282-853-9514,General Manager
23-5088675,Colline Petru,46,Female,859 Katie Plaza,554-553-9941,Boarding Incharge
75-9034236,Sidney Giannazzi,21,Male,333 Delladonna Court,941-732-2403,Receptionist
80-9044722,Aleece Gettings,49,Female,229 Village Junction,628-362-9505,check-in Baggage
91-8213967,Otho Ceschi,44,Female,5 Independence Plaza,560-809-9822,check-in Baggage
18-3257292,Lannie Haggard,23,Female,174 Pawling Point,627-846-1349,Support staff
20-8475083,Genevra Finci,48,Male,78211 Anniversary Drive,786-908-1260,Receptionist
14-5099634,Aliza Shoreson,40,Male,4 Meadow Ridge Center,215-778-9637,General Manager
98-9200721,Florina Horley,45,Female,1342 Anderson Park,327-526-4561,Boarding Incharge
97-0677986,Florance Lotterington,31,Male,64 Corscot Trail,981-162-0651,Receptionist
10-6520008,Derrick Canadas,36,Female,48 Bunting Place,603-360-3686,Receptionist
28-0742183,Audi Digman,44,Male,408 Hoard Way,878-683-9197,Receptionist
71-9191681,Eadmund Roloff,33,Female,23711 Reindahl Lane,129-362-3628,check-in Baggage
42-4853074,Dugald Quenell,35,Male,0 Eagan Road,770-217-2528,Boarding Incharge
45-4811622,Jobye Westmoreland,36,Male,186 Lindbergh Avenue,897-333-5278,Receptionist
15-4202093,Ivett Gritton,21,Male,3 Graedel Circle,120-644-4987,Support staff
32-8468285,Corly Darrigone,50,Female,1 Clemons Avenue,773-590-6722,check-in Baggage
45-0311623,Frederic Fallawe,50,Male,89 Northland Hill,297-774-0015,Boarding Incharge
54-1101893,Bartolemo Janoch,49,Female,652 Lighthouse Bay Place,317-485-8219,General Manager
88-9086798,Paige Summerfield,43,Male,95451 Lerdahl Way,920-632-9039,General Manager
22-3559028,Harbert Olivi,33,Male,19 Anzinger Pass,735-571-7095,General Manager
14-5793760,Tab Strathdee,35,Male,5 Steensland Pass,131-415-3271,Boarding Incharge
73-5448163,Laure Tremmil,41,Female,61 Ohio Hill,911-420-4435,General Manager
76-6519224,Charita Moseby,40,Female,0434 Gina Drive,789-142-3767,Support staff
58-4762864,Tuesday Dowsing,26,Male,5754 Cardinal Hill,844-725-0528,check-in Baggage
40-7836342,Danie Glencrash,36,Female,985 Morning Hill,898-751-6054,check-in Baggage
12-7998746,Baird Woloschin,30,Male,044 Charing Cross Lane,307-292-2175,Boarding Incharge
02-6868878,Annalee Moubray,25,Female,887 David Road,911-776-1969,Boarding Incharge
02-3212823,Karita Brisland,40,Male,1 Charing Cross Street,766-683-4619,General Manager
83-1679487,Lindsey Sinnott,50,Male,828 Rowland Junction,653-437-0445,Boarding Incharge
94-5940338,Amber Cejka,35,Female,707 Jay Parkway,816-870-3912,Receptionist
78-2712239,Bryn Ovanesian,27,Male,4 Fallview Point,894-162-1221,Receptionist
32-2972105,Ezmeralda Robichon,28,Female,1 Old Shore Pass,257-107-0776,check-in Baggage
62-6675895,Rayner Cator,38,Female,67 Pepper Wood Avenue,729-901-6541,check-in Baggage
28-7425875,Daveta Stichel,39,Female,8 Westend Lane,711-688-4905,check-in Baggage
72-6790171,Ole Dinsdale,28,Female,6243 Novick Avenue,828-473-2392,Support staff
60-4899505,Walther Bendixen,46,Male,72 Toban Drive,378-971-5553,check-in Baggage
75-9048367,Eddie Daburn,22,Male,719 Hanson Hill,932-146-6028,Receptionist
32-8811571,Margalo Kleeman,26,Female,12 Northwestern Drive,472-868-1127,Receptionist
82-3355332,Daune Pitcaithley,29,Male,13 Tony Terrace,438-639-6588,General Manager
55-0381606,Clem Mastrantone,37,Male,77 Westend Avenue,555-266-5324,General Manager
21-8542126,Anthiathia Wartnaby,42,Male,9232 Valley Edge Alley,902-162-6693,General Manager
60-8487790,Jefferson Cummins,28,Female,3997 Talmadge Terrace,640-734-1440,General Manager
70-7564840,Engelbert End,49,Female,523 Reindahl Trail,423-639-3126,Receptionist
17-9640688,Ysabel Bracher,36,Female,38417 Gale Alley,539-181-3236,Boarding Incharge
35-0123220,Lanni Wilber,48,Male,4 Forest Plaza,412-832-1668,Support staff
10-3679190,Skylar Lanphier,21,Male,955 Manley Street,210-791-2492,General Manager
02-7200385,Chancey Ruthven,44,Male,723 Hovde Pass,323-519-8729,Boarding Incharge
46-8700753,Sigfrid Beveridge,30,Male,5 Division Trail,412-979-0269,Support staff
34-0281870,Florence Buttery,23,Female,452 Springs Avenue,519-178-0078,Support staff
14-8693393,Matthieu Barock,20,Male,3 Talisman Court,712-394-5439,General Manager
39-7421483,Karrie Blanden,20,Male,7 Mayer Court,909-500-8303,check-in Baggage
09-2356155,Alva Ealam,44,Male,280 Marcy Trail,248-569-5684,check-in Baggage
21-3439242,Remington Finney,45,Male,62 Hoepker Drive,824-431-3535,Receptionist
28-3156560,Victoir Blaik,26,Male,397 Brentwood Road,191-141-9118,check-in Baggage
31-4768811,Wylma Titchener,48,Male,67 Surrey Center,865-501-0814,General Manager
45-3977758,Krishnah Bruckstein,23,Female,5 Brickson Park Plaza,883-525-6874,Receptionist
29-8553111,Vanni Jakubowski,30,Male,8493 Cody Street,558-418-4731,Receptionist
23-1321292,Vivianne Pozer,41,Female,295 Doe Crossing Park,938-710-8293,check-in Baggage
04-8814408,Emmie Speers,38,Male,38 Anderson Lane,872-980-1768,Support staff
56-6531989,Aeriela Bickerdike,46,Male,37 North Point,649-496-9502,General Manager
75-0899945,Trula Butt,32,Male,92 Towne Center,295-637-6101,Boarding Incharge
81-8954987,Steffane Jammes,20,Male,065 Vernon Place,307-883-2283,Boarding Incharge
59-5195986,Anni Folkerd,50,Male,4 Schiller Center,548-136-4771,Receptionist
35-9717287,Sergeant Gatenby,25,Male,56612 Basil Point,866-225-2256,check-in Baggage
24-0522315,Reuben Towse,36,Male,29252 Kingsford Drive,731-943-2043,Support staff
54-8422885,Johan Spurgin,41,Male,6865 Pankratz Center,388-246-9607,check-in Baggage
24-0084877,Constantino Lynam,20,Female,0155 Comanche Plaza,198-897-3332,Receptionist
76-3111903,Benetta Pioch,36,Female,9999 Drewry Place,784-457-6629,Support staff
88-2919140,Meredithe Sclanders,42,Female,4887 Mariners Cove Pass,406-408-9441,Boarding Incharge
63-9671729,Coreen Bauser,44,Male,662 Dawn Center,593-590-4016,General Manager
59-9600040,Abraham Peacocke,41,Male,5719 Carberry Point,829-923-3850,check-in Baggage
51-8100331,Hayden Buzine,20,Female,1494 Prairie Rose Pass,579-277-0781,Boarding Incharge
40-4496531,Claudia Graeser,32,Male,6688 Shoshone Avenue,943-917-7333,Boarding Incharge
69-3532208,Venita Mayling,27,Male,12449 Larry Hill,227-809-6487,Support staff
15-7874492,Ulberto Dowling,23,Female,892 Sullivan Alley,521-705-1059,General Manager
86-1733170,Cathrin Henrie,27,Female,3 Comanche Pass,216-630-1423,Boarding Incharge
96-5847246,Errol Schulze,40,Female,82 Spohn Pass,263-293-6932,Support staff
69-6635924,Aldwin Sallans,20,Female,93416 Dixon Hill,587-960-9606,Support staff
34-1498043,Tammie Von Oertzen,39,Male,17 Dexter Park,613-484-2985,General Manager
13-7717404,Harriot Hele,30,Female,8 Golden Leaf Point,173-406-2374,Receptionist
88-2521878,Eldon Goudard,34,Male,3622 Manufacturers Drive,642-845-2851,check-in Baggage
72-8175241,Cazzie Stowe,50,Male,9 Sutherland Street,893-807-2880,General Manager
38-5988427,Lorna Blankett,20,Female,745 Stang Circle,340-472-9959,Receptionist
48-8036905,Raynor De Andreis,45,Male,29490 Manley Pass,610-319-0863,Support staff
86-2078962,Joby Broggini,47,Female,6 Claremont Circle,551-308-3234,Support staff
42-1470748,Timothee Goodred,48,Female,58 Longview Center,849-679-3277,Receptionist
31-4494465,Cam Giddins,28,Female,83 Melody Crossing,703-687-3067,Boarding Incharge
33-2212289,Tiena Gwioneth,49,Male,50 Loeprich Parkway,184-353-8511,Boarding Incharge
40-2556227,Waly Guiel,48,Male,0 Oneill Place,727-720-8264,Receptionist
54-6841971,Batsheva Kennelly,25,Female,42862 Blackbird Avenue,992-480-9905,check-in Baggage
89-2118009,Candis Phibb,33,Male,2803 Cordelia Park,143-734-6133,check-in Baggage
16-0878548,Bancroft Rival,24,Male,0643 Bonner Lane,904-580-6632,Receptionist
91-3817199,Jo Rate,43,Female,07809 Memorial Parkway,744-906-6466,check-in Baggage
90-1974751,Raine Slayny,42,Male,6 Barnett Lane,856-745-6323,Boarding Incharge
66-0203098,Pansie Hightown,24,Female,84 Charing Cross Alley,376-584-3069,General Manager
51-0229997,Conrad Francioli,33,Male,4018 Gale Court,142-831-6048,Support staff
95-7326196,Brennen Rosenzwig,49,Male,2 1st Parkway,419-329-0187,Receptionist
76-4667323,Sargent Fraczkiewicz,32,Female,52076 Londonderry Junction,240-520-0431,Boarding Incharge
47-6918776,Wes Windeatt,29,Female,736 Scott Court,412-374-8955,Support staff
07-6065047,Marley Tomkowicz,36,Female,765 La Follette Street,197-583-2022,Support staff
03-6287132,Corilla Parcell,35,Female,653 Fairfield Street,781-918-9320,check-in Baggage
09-4350831,Vonnie Disbrow,23,Male,47 Bay Parkway,425-250-0296,Receptionist
17-4071686,Jess Bernon,41,Female,657 Canary Street,615-863-6397,Boarding Incharge
09-0304220,Filide Cleynman,20,Male,4301 Banding Lane,971-517-8717,General Manager
01-8323535,Kessia Bhatia,50,Female,51334 Forest Dale Avenue,675-357-2752,Receptionist
64-1907333,Van Del Monte,49,Female,58 Iowa Center,949-171-1130,Support staff
54-5459878,Gage Dawley,48,Female,94 Hooker Crossing,569-603-2504,Receptionist
29-6217896,Isa Bolton,29,Female,101 Heath Parkway,906-805-7790,check-in Baggage
64-3899690,Adeline Suckling,35,Male,77910 Forest Dale Terrace,748-101-6526,General Manager
20-8946657,Corabelle Jordi,24,Male,71108 Monterey Terrace,916-276-1850,Support staff
20-8868738,Derick Sadlier,38,Male,249 Jenna Plaza,561-363-3535,General Manager
45-5730476,Adaline Dickenson,39,Male,67 Kennedy Center,137-270-0236,Support staff
06-8720401,Celesta Bosdet,24,Female,0 Morrow Parkway,417-468-4940,General Manager
91-1454676,Elsi Salomon,28,Female,40230 Wayridge Road,240-100-1678,Receptionist
52-2102089,Sharron Amar,42,Female,3 Stang Way,388-205-9447,Boarding Incharge
14-5678451,Lanae Aitkenhead,25,Male,249 Granby Drive,960-986-8886,General Manager
05-9889613,Torry Macro,26,Male,98 Upham Pass,172-967-4725,Boarding Incharge
65-6449775,Harwilll Eke,39,Male,290 Hovde Junction,660-499-5812,Boarding Incharge
91-3268457,Celestia Merrgen,27,Male,7503 Thackeray Junction,733-695-3585,Support staff
08-1597404,Gladi Viggars,47,Female,8 Lakewood Gardens Road,786-918-9762,Boarding Incharge
36-9997543,Taryn Dundendale,49,Female,81 Thackeray Avenue,441-906-4023,Boarding Incharge
39-0094996,Rubie Forster,49,Male,30 Del Mar Plaza,628-460-3057,Receptionist
45-4282086,Mirabel Farnorth,37,Male,941 Butterfield Pass,591-449-4562,Support staff
75-1630056,Shea Atterbury,29,Female,002 Westerfield Terrace,531-169-9003,General Manager
72-6626555,Florentia Grolle,50,Male,6 Rowland Plaza,203-250-8244,Receptionist
69-5116584,Carline Jamary,24,Female,9 Anhalt Point,427-125-6087,Boarding Incharge
17-1136482,Gearard Rewan,42,Female,55 Summit Plaza,583-736-6586,Receptionist
99-1670276,Gideon Bolderoe,36,Male,16 Moland Plaza,354-221-0125,Boarding Incharge
49-1348502,Sallie Tuson,47,Female,5000 Dawn Trail,861-823-5800,Receptionist
18-4461774,Tanya Labrone,38,Female,62981 Division Park,442-980-8234,Boarding Incharge
31-0370766,Averyl Reay,22,Female,21933 Algoma Place,603-127-9549,Support staff
96-9252583,Linnie Danilewicz,48,Male,0 Transport Trail,357-492-4918,General Manager
21-6617690,Marlee Mathet,23,Female,99 Calypso Place,681-249-1580,Support staff
95-5663240,Maria Semarke,30,Male,4 Riverside Point,401-878-5603,General Manager
52-3676616,Phil McGavigan,21,Female,60672 High Crossing Point,206-650-7859,Support staff
59-5214476,Tana Fremantle,49,Male,7901 Lakewood Place,296-638-7707,check-in Baggage
08-4702468,Louisette Romeril,34,Male,743 Northwestern Avenue,984-551-0570,Support staff
88-3763855,Dione Dominy,41,Female,74451 Rieder Center,645-983-0273,Support staff
07-7962986,Melisandra Huskisson,25,Female,88854 Dixon Terrace,176-100-4738,General Manager
35-2086498,Aprilette Cianni,27,Male,6093 Mcguire Lane,340-537-9633,Receptionist
85-6083395,Richart Phillimore,44,Female,5 Claremont Lane,937-697-3355,Boarding Incharge
56-3286535,Flossy Hensmans,36,Female,22 Crownhardt Trail,162-460-0078,Boarding Incharge
08-7287672,Fiona Lucchi,37,Male,0702 Pierstorff Point,835-939-4097,Support staff
32-6220552,Marketa Patey,47,Male,6 Vahlen Way,568-693-4036,General Manager
74-6465362,Theresita Jendrassik,28,Female,52 International Trail,497-773-4153,Receptionist
62-1821635,Fabiano McBrier,38,Male,507 Fremont Road,139-104-1858,Receptionist
48-9860553,Merline Clubley,48,Female,1344 Paget Trail,102-134-8249,Boarding Incharge
39-1564291,Liuka Elcy,20,Male,74 High Crossing Point,440-387-6550,Support staff
93-9896699,Garvy Roos,31,Female,1649 Maywood Crossing,260-500-3966,Support staff
33-1506463,Raddy Pigden,26,Male,8 Nevada Pass,219-314-7925,Receptionist
39-3464157,Shellie Mussalli,35,Female,68625 Bluestem Hill,465-199-0928,check-in Baggage
33-7289160,Corene Ten Broek,22,Female,1297 Pennsylvania Lane,761-206-4459,Boarding Incharge
99-8823514,Corrine Orpen,45,Female,78 Novick Drive,761-294-2046,check-in Baggage
05-8836536,Elsey Drury,32,Male,0006 American Plaza,474-796-9185,Boarding Incharge
53-4394464,Julian Verbrugge,48,Female,55 Fair Oaks Crossing,506-982-2647,Support staff
24-9223689,Olenka Mowett,41,Male,5395 Graceland Circle,686-760-8330,General Manager
74-9511767,Paloma Sondon,45,Male,0 Farwell Street,834-888-0160,General Manager
97-8820727,Dareen Sheather,25,Male,49679 Loeprich Hill,867-903-3894,check-in Baggage
48-5061682,Heddi Arcase,45,Female,7501 Butterfield Point,270-472-8602,Support staff
31-9560742,Rabbi Jaram,21,Male,6435 La Follette Road,630-329-9231,General Manager
11-4734444,Anissa Hinchcliffe,21,Female,44094 Pawling Drive,677-715-7987,Receptionist
85-7394445,Buck Echlin,43,Female,2255 Arkansas Junction,594-894-0466,Support staff
11-7153640,Lyndsie MacRannell,31,Female,1910 Golf View Circle,992-609-8043,General Manager
50-0568716,Gabriele Aspell,48,Male,40025 Moland Parkway,201-447-7798,General Manager
32-9779109,Burnard Hiley,32,Male,19997 Sutteridge Point,974-637-7167,Receptionist
70-3983195,Stearn Dyter,42,Male,82021 Dorton Hill,825-777-2203,General Manager
67-2264228,Brnaby Fewings,35,Male,27 Farwell Parkway,635-968-1244,Support staff
23-6689700,Holt Balding,42,Male,32098 Lerdahl Junction,670-673-6254,Receptionist
82-9419120,Lenna Dingsdale,35,Female,9 Bay Pass,600-167-2314,General Manager
70-1782280,Stanley Clemonts,34,Female,90787 Elmside Crossing,930-581-5321,General Manager
35-0753751,Boothe Taillard,48,Female,8393 Sage Road,619-247-7158,Boarding Incharge
34-9018978,Roley Seamans,48,Male,466 Chinook Point,133-756-4452,Boarding Incharge
37-6124753,Sibilla Rennebach,23,Female,30 Fremont Crossing,480-269-2629,Boarding Incharge
82-5373713,Dion Hamon,36,Female,93 Prairieview Way,625-956-3420,check-in Baggage
88-9438637,Gauthier Masterman,38,Male,5620 Melrose Lane,527-770-2839,Boarding Incharge
14-5879381,Willdon Wharlton,42,Female,99 Mandrake Terrace,121-941-6212,check-in Baggage
24-8864684,Shae Parkhouse,47,Female,1064 Harper Terrace,980-500-6734,General Manager
85-3232713,Maurits Bonus,50,Male,0 Anzinger Road,157-573-1147,Receptionist
49-9483115,Claudianus Bearn,24,Female,43772 Northport Center,479-711-8484,Receptionist
08-0939185,Lyman Garard,38,Male,4852 Memorial Place,975-653-1084,Support staff
09-7505095,Mag Djekic,37,Male,85 Moland Center,453-967-5107,Boarding Incharge
88-7997124,Mona Wallsworth,42,Female,40 Milwaukee Alley,462-219-8358,Boarding Incharge
36-2030009,Kyle Growden,47,Female,76 Northwestern Circle,757-274-9758,Support staff
01-8236047,Leeanne Wimpenny,21,Male,3144 Laurel Drive,910-237-7985,Support staff
77-4205440,Cad Zanuciolii,25,Male,6 Hooker Hill,217-562-7620,General Manager
22-7698587,Lynette Mudd,34,Female,3 Sheridan Parkway,625-633-0344,Support staff
47-5584495,Will Thurnham,27,Male,64228 Jay Trail,317-798-2895,check-in Baggage
37-2384633,Andy Dashkov,48,Male,6287 Susan Crossing,979-430-1888,General Manager
72-2569780,Helen Hayland,49,Female,312 Bunker Hill Hill,312-811-8436,check-in Baggage
44-0857141,Hannis Willis,33,Male,61722 Carberry Avenue,835-245-6989,check-in Baggage
55-4641959,Albertine Moukes,44,Female,29698 International Pass,831-531-2454,Boarding Incharge
47-3954561,Kayley Raitt,32,Male,79 Lawn Place,264-130-8875,check-in Baggage
25-5909239,Margery Lorek,25,Female,83 Esker Crossing,773-973-1863,Boarding Incharge
12-6135825,Ermin Ambrogini,44,Male,663 Larry Street,905-714-8651,Boarding Incharge
28-3368245,Ward Thormwell,25,Female,29 Blaine Point,319-499-1495,General Manager
18-8648263,Laetitia Unwins,31,Female,6 Karstens Park,505-671-1367,Boarding Incharge
18-5018719,Shaun Tregiddo,32,Male,7 4th Road,452-428-0863,Receptionist
36-8662575,Marice Mirando,24,Female,6 Pleasure Circle,470-978-2813,General Manager
70-8637786,Algernon Rosenauer,42,Female,65 Homewood Point,722-414-6476,check-in Baggage
47-1136943,Bellina Younglove,37,Female,03564 Spenser Road,408-281-5651,Boarding Incharge
31-7874059,Salomone Sturmey,21,Male,6 Stoughton Drive,505-433-1956,Support staff
01-1908426,Lacey Sopp,23,Female,2324 Waywood Center,968-250-7610,check-in Baggage
02-3204131,Ronnica Litzmann,38,Male,077 Main Lane,779-521-3143,General Manager
04-2950867,Bessie Goodricke,21,Male,272 Manitowish Trail,724-747-3770,Support staff
02-9317288,Donielle Peggrem,39,Male,092 Merry Junction,720-666-5262,Boarding Incharge
94-0803931,Delores Bilston,26,Male,80 Erie Hill,304-299-9150,Support staff
11-1019705,Raynard Thomsen,50,Female,81 Mallory Parkway,169-255-9452,General Manager
77-1108157,Min Ughini,32,Female,791 Harbort Street,344-379-2644,Support staff
90-4472748,Ealasaid Fraser,38,Male,87855 Mockingbird Pass,600-609-3098,Receptionist
10-8563834,Marijo Fisby,31,Male,033 Pennsylvania Hill,289-370-4452,Boarding Incharge
51-9825229,Berky Kingerby,28,Female,391 Talmadge Street,957-341-9118,Support staff
28-3841612,Lynnelle Penburton,44,Female,83612 Prairie Rose Circle,513-572-9843,Support staff
46-0684626,Renell Lemon,33,Female,96323 Harper Court,907-454-9592,Receptionist
23-3641396,Jeffy Iddins,46,Female,8 Morningstar Lane,872-116-0710,Boarding Incharge
90-0396948,Gerald Blas,46,Female,4157 Gale Parkway,981-126-9205,check-in Baggage
50-7590199,Odilia Vaskin,32,Female,0 Bellgrove Street,825-700-1333,Support staff
43-9555769,Joela Hurndall,41,Female,38174 Caliangt Trail,252-266-2883,Support staff
26-7720400,Zondra Diment,41,Female,88754 Texas Point,918-782-2750,General Manager
79-0292134,Hannis Daykin,25,Male,32 Kipling Junction,969-809-4161,Boarding Incharge
02-3010965,Myranda Fligg,40,Female,92 Moulton Road,938-648-1499,Receptionist
80-3882950,Ricardo Ovington,22,Male,14412 Stephen Park,758-800-1265,Boarding Incharge
20-1998885,Jerrine Merrgen,21,Female,4042 Badeau Street,389-690-6883,Boarding Incharge
53-4499632,Daron Henzley,21,Female,2 Upham Plaza,892-809-2214,Support staff
76-4473881,Gilburt Chevis,46,Male,925 Holy Cross Road,341-322-5770,check-in Baggage
91-9320456,Drake Brettle,36,Female,90 Miller Point,329-974-0535,Receptionist
94-3207359,Jolyn Tapson,38,Male,45922 Meadow Valley Way,344-152-2297,Support staff
32-1955347,Pen Coll,49,Female,6765 Messerschmidt Plaza,225-907-8853,Support staff
77-5791481,Billie Schoolcroft,27,Female,27 Longview Plaza,257-769-4264,check-in Baggage
76-6970022,Beverlie Gostyke,39,Male,64473 Granby Alley,480-495-9058,Receptionist
72-6855621,Lambert Clee,48,Male,738 West Court,718-163-4000,General Manager
86-0002851,Caspar Flade,31,Female,4838 Paget Court,564-827-8638,General Manager
72-1059574,Verne Pauley,25,Male,22967 Lindbergh Junction,218-282-7343,General Manager
41-2864392,Karlene Clayhill,48,Male,86620 Chinook Street,331-381-6524,Boarding Incharge
72-4477977,Lucias Bricklebank,26,Female,64828 Emmet Place,948-755-3869,check-in Baggage
88-2354130,Berna Scole,42,Male,0 Kenwood Terrace,359-377-9469,Support staff
24-5132313,Blisse Delany,46,Female,2786 Meadow Vale Center,975-623-0658,check-in Baggage
55-0627807,Ada Mulligan,29,Female,19 American Crossing,263-520-6958,General Manager
34-8215198,Nealon Isenor,46,Male,32296 Hansons Point,162-145-3136,Boarding Incharge
64-5800817,Adriana Colvin,32,Male,78855 Steensland Road,822-364-0274,General Manager
04-1052113,Jae Copsey,43,Female,412 Dunning Pass,432-530-9063,General Manager
25-0148795,Isidro Kobera,24,Female,47346 Summer Ridge Pass,775-817-3059,General Manager
36-6638299,Sabina Hassey,21,Female,07 Katie Way,994-671-5022,Boarding Incharge
60-7784587,Wernher Veldens,43,Male,8694 Burrows Alley,139-183-4101,Boarding Incharge
00-1238094,Morgen Fenech,20,Male,9 Kinsman Lane,609-917-6031,Receptionist
61-7516064,Pet Kleinsmuntz,34,Female,784 Sycamore Pass,510-702-8108,check-in Baggage
64-8207416,Xylina Jaggs,22,Female,374 Red Cloud Junction,311-187-5614,Receptionist
95-1763914,Rikki Marchand,24,Female,829 Old Gate Parkway,245-707-9783,Receptionist
